"","sp1","sp2","sp1_inc","sp2_inc","obs_cooccur","prob_cooccur","exp_cooccur","p_lt","p_gt","sp1_name","sp2_name"
"1",43,47,3,3,1,0.111,1,0.77381,0.7619,"Bison_sp.","Blarina_brevicauda"
"2",43,87,3,4,1,0.148,1.3,0.59524,0.88095,"Bison_sp.","Canis_latrans"
"3",43,101,3,4,1,0.148,1.3,0.59524,0.88095,"Bison_sp.","Castor_canadensis"
"4",43,120,3,3,1,0.111,1,0.77381,0.7619,"Bison_sp.","Clethrionomys_gapperi"
"5",43,148,3,3,2,0.111,1,0.9881,0.22619,"Bison_sp.","Dasypus_bellus"
"6",43,202,3,4,2,0.148,1.3,0.95238,0.40476,"Bison_sp.","Equus_sp."
"7",43,229,3,3,1,0.111,1,0.77381,0.7619,"Bison_sp.","Geomys_bursarius"
"8",43,300,3,4,1,0.148,1.3,0.59524,0.88095,"Bison_sp.","Lepus_americanus"
"9",43,316,3,3,2,0.111,1,0.9881,0.22619,"Bison_sp.","Mammut_americanum"
"10",43,324,3,3,1,0.111,1,0.77381,0.7619,"Bison_sp.","Marmota_caligata"
"11",43,330,3,3,0,0.111,1,0.2381,1,"Bison_sp.","Martes_americana"
"12",43,334,3,3,0,0.111,1,0.2381,1,"Bison_sp.","Martes_pennanti"
"13",43,359,3,3,1,0.111,1,0.77381,0.7619,"Bison_sp.","Microtus_longicaudus"
"14",43,369,3,4,2,0.148,1.3,0.95238,0.40476,"Bison_sp.","Microtus_pennsylvanicus"
"15",43,372,3,6,2,0.222,2,0.7619,0.77381,"Bison_sp.","Microtus_sp."
"16",43,376,3,3,1,0.111,1,0.77381,0.7619,"Bison_sp.","Mictomys_borealis"
"17",43,431,3,3,1,0.111,1,0.77381,0.7619,"Bison_sp.","Neotoma_cinerea"
"18",43,471,3,4,1,0.148,1.3,0.59524,0.88095,"Bison_sp.","Odocoileus_virginianus"
"19",43,481,3,5,2,0.185,1.7,0.88095,0.59524,"Bison_sp.","Ondatra_zibethicus"
"20",43,508,3,3,1,0.111,1,0.77381,0.7619,"Bison_sp.","Ovis_canadensis"
"21",43,562,3,4,1,0.148,1.3,0.59524,0.88095,"Bison_sp.","Peromyscus_maniculatus"
"22",43,573,3,3,1,0.111,1,0.77381,0.7619,"Bison_sp.","Peromyscus_sp."
"23",43,580,3,4,2,0.148,1.3,0.95238,0.40476,"Bison_sp.","Phenacomys_intermedius"
"24",43,694,3,4,2,0.148,1.3,0.95238,0.40476,"Bison_sp.","Sorex_cinereus"
"25",43,729,3,3,1,0.111,1,0.77381,0.7619,"Bison_sp.","Spermophilus_columbianus"
"26",43,733,3,3,2,0.111,1,0.9881,0.22619,"Bison_sp.","Spermophilus_franklinii"
"27",43,777,3,3,2,0.111,1,0.9881,0.22619,"Bison_sp.","Synaptomys_cooperi"
"28",43,787,3,3,1,0.111,1,0.77381,0.7619,"Bison_sp.","Tamias_sp."
"29",43,788,3,3,1,0.111,1,0.77381,0.7619,"Bison_sp.","Tamias_striatus"
"30",43,790,3,3,1,0.111,1,0.77381,0.7619,"Bison_sp.","Tamiasciurus_hudsonicus"
"31",43,816,3,4,2,0.148,1.3,0.95238,0.40476,"Bison_sp.","Thomomys_talpoides"
"32",43,834,3,3,0,0.111,1,0.2381,1,"Bison_sp.","Ursus_americanus"
"33",47,87,3,4,1,0.148,1.3,0.59524,0.88095,"Blarina_brevicauda","Canis_latrans"
"34",47,101,3,4,1,0.148,1.3,0.59524,0.88095,"Blarina_brevicauda","Castor_canadensis"
"35",47,120,3,3,3,0.111,1,1,0.0119,"Blarina_brevicauda","Clethrionomys_gapperi"
"36",47,148,3,3,1,0.111,1,0.77381,0.7619,"Blarina_brevicauda","Dasypus_bellus"
"37",47,202,3,4,1,0.148,1.3,0.59524,0.88095,"Blarina_brevicauda","Equus_sp."
"38",47,229,3,3,2,0.111,1,0.9881,0.22619,"Blarina_brevicauda","Geomys_bursarius"
"39",47,300,3,4,1,0.148,1.3,0.59524,0.88095,"Blarina_brevicauda","Lepus_americanus"
"40",47,316,3,3,2,0.111,1,0.9881,0.22619,"Blarina_brevicauda","Mammut_americanum"
"41",47,324,3,3,0,0.111,1,0.2381,1,"Blarina_brevicauda","Marmota_caligata"
"42",47,330,3,3,1,0.111,1,0.77381,0.7619,"Blarina_brevicauda","Martes_americana"
"43",47,334,3,3,2,0.111,1,0.9881,0.22619,"Blarina_brevicauda","Martes_pennanti"
"44",47,359,3,3,0,0.111,1,0.2381,1,"Blarina_brevicauda","Microtus_longicaudus"
"45",47,369,3,4,3,0.148,1.3,1,0.04762,"Blarina_brevicauda","Microtus_pennsylvanicus"
"46",47,372,3,6,3,0.222,2,1,0.2381,"Blarina_brevicauda","Microtus_sp."
"47",47,376,3,3,3,0.111,1,1,0.0119,"Blarina_brevicauda","Mictomys_borealis"
"48",47,431,3,3,0,0.111,1,0.2381,1,"Blarina_brevicauda","Neotoma_cinerea"
"49",47,471,3,4,1,0.148,1.3,0.59524,0.88095,"Blarina_brevicauda","Odocoileus_virginianus"
"50",47,481,3,5,3,0.185,1.7,1,0.11905,"Blarina_brevicauda","Ondatra_zibethicus"
"51",47,508,3,3,0,0.111,1,0.2381,1,"Blarina_brevicauda","Ovis_canadensis"
"52",47,562,3,4,1,0.148,1.3,0.59524,0.88095,"Blarina_brevicauda","Peromyscus_maniculatus"
"53",47,573,3,3,2,0.111,1,0.9881,0.22619,"Blarina_brevicauda","Peromyscus_sp."
"54",47,580,3,4,2,0.148,1.3,0.95238,0.40476,"Blarina_brevicauda","Phenacomys_intermedius"
"55",47,694,3,4,2,0.148,1.3,0.95238,0.40476,"Blarina_brevicauda","Sorex_cinereus"
"56",47,729,3,3,0,0.111,1,0.2381,1,"Blarina_brevicauda","Spermophilus_columbianus"
"57",47,733,3,3,1,0.111,1,0.77381,0.7619,"Blarina_brevicauda","Spermophilus_franklinii"
"58",47,777,3,3,2,0.111,1,0.9881,0.22619,"Blarina_brevicauda","Synaptomys_cooperi"
"59",47,787,3,3,1,0.111,1,0.77381,0.7619,"Blarina_brevicauda","Tamias_sp."
"60",47,788,3,3,2,0.111,1,0.9881,0.22619,"Blarina_brevicauda","Tamias_striatus"
"61",47,790,3,3,1,0.111,1,0.77381,0.7619,"Blarina_brevicauda","Tamiasciurus_hudsonicus"
"62",47,816,3,4,1,0.148,1.3,0.59524,0.88095,"Blarina_brevicauda","Thomomys_talpoides"
"63",47,834,3,3,1,0.111,1,0.77381,0.7619,"Blarina_brevicauda","Ursus_americanus"
"64",85,372,2,6,2,0.148,1.3,1,0.41667,"Canis_dirus","Microtus_sp."
"65",85,481,2,5,1,0.123,1.1,0.72222,0.83333,"Canis_dirus","Ondatra_zibethicus"
"66",87,101,4,4,2,0.198,1.8,0.83333,0.64286,"Canis_latrans","Castor_canadensis"
"67",87,120,4,3,1,0.148,1.3,0.59524,0.88095,"Canis_latrans","Clethrionomys_gapperi"
"68",87,148,4,3,2,0.148,1.3,0.95238,0.40476,"Canis_latrans","Dasypus_bellus"
"69",87,202,4,4,2,0.198,1.8,0.83333,0.64286,"Canis_latrans","Equus_sp."
"70",87,229,4,3,2,0.148,1.3,0.95238,0.40476,"Canis_latrans","Geomys_bursarius"
"71",87,300,4,4,1,0.198,1.8,0.35714,0.96032,"Canis_latrans","Lepus_americanus"
"72",87,316,4,3,1,0.148,1.3,0.59524,0.88095,"Canis_latrans","Mammut_americanum"
"73",87,324,4,3,0,0.148,1.3,0.11905,1,"Canis_latrans","Marmota_caligata"
"74",87,330,4,3,0,0.148,1.3,0.11905,1,"Canis_latrans","Martes_americana"
"75",87,334,4,3,1,0.148,1.3,0.59524,0.88095,"Canis_latrans","Martes_pennanti"
"76",87,359,4,3,0,0.148,1.3,0.11905,1,"Canis_latrans","Microtus_longicaudus"
"77",87,369,4,4,2,0.198,1.8,0.83333,0.64286,"Canis_latrans","Microtus_pennsylvanicus"
"78",87,372,4,6,4,0.296,2.7,1,0.11905,"Canis_latrans","Microtus_sp."
"79",87,376,4,3,1,0.148,1.3,0.59524,0.88095,"Canis_latrans","Mictomys_borealis"
"80",87,431,4,3,0,0.148,1.3,0.11905,1,"Canis_latrans","Neotoma_cinerea"
"81",87,471,4,4,3,0.198,1.8,0.99206,0.16667,"Canis_latrans","Odocoileus_virginianus"
"82",87,481,4,5,3,0.247,2.2,0.96032,0.35714,"Canis_latrans","Ondatra_zibethicus"
"83",87,508,4,3,0,0.148,1.3,0.11905,1,"Canis_latrans","Ovis_canadensis"
"84",87,562,4,4,0,0.198,1.8,0.03968,1,"Canis_latrans","Peromyscus_maniculatus"
"85",87,573,4,3,2,0.148,1.3,0.95238,0.40476,"Canis_latrans","Peromyscus_sp."
"86",87,580,4,4,0,0.198,1.8,0.03968,1,"Canis_latrans","Phenacomys_intermedius"
"87",87,694,4,4,2,0.198,1.8,0.83333,0.64286,"Canis_latrans","Sorex_cinereus"
"88",87,729,4,3,0,0.148,1.3,0.11905,1,"Canis_latrans","Spermophilus_columbianus"
"89",87,733,4,3,2,0.148,1.3,0.95238,0.40476,"Canis_latrans","Spermophilus_franklinii"
"90",87,777,4,3,1,0.148,1.3,0.59524,0.88095,"Canis_latrans","Synaptomys_cooperi"
"91",87,787,4,3,1,0.148,1.3,0.59524,0.88095,"Canis_latrans","Tamias_sp."
"92",87,788,4,3,2,0.148,1.3,0.95238,0.40476,"Canis_latrans","Tamias_striatus"
"93",87,790,4,3,1,0.148,1.3,0.59524,0.88095,"Canis_latrans","Tamiasciurus_hudsonicus"
"94",87,816,4,4,0,0.198,1.8,0.03968,1,"Canis_latrans","Thomomys_talpoides"
"95",87,834,4,3,2,0.148,1.3,0.95238,0.40476,"Canis_latrans","Ursus_americanus"
"96",101,120,4,3,1,0.148,1.3,0.59524,0.88095,"Castor_canadensis","Clethrionomys_gapperi"
"97",101,148,4,3,0,0.148,1.3,0.11905,1,"Castor_canadensis","Dasypus_bellus"
"98",101,202,4,4,1,0.198,1.8,0.35714,0.96032,"Castor_canadensis","Equus_sp."
"99",101,229,4,3,2,0.148,1.3,0.95238,0.40476,"Castor_canadensis","Geomys_bursarius"
"100",101,300,4,4,3,0.198,1.8,0.99206,0.16667,"Castor_canadensis","Lepus_americanus"
"101",101,316,4,3,0,0.148,1.3,0.11905,1,"Castor_canadensis","Mammut_americanum"
"102",101,324,4,3,2,0.148,1.3,0.95238,0.40476,"Castor_canadensis","Marmota_caligata"
"103",101,330,4,3,1,0.148,1.3,0.59524,0.88095,"Castor_canadensis","Martes_americana"
"104",101,334,4,3,2,0.148,1.3,0.95238,0.40476,"Castor_canadensis","Martes_pennanti"
"105",101,359,4,3,2,0.148,1.3,0.95238,0.40476,"Castor_canadensis","Microtus_longicaudus"
"106",101,369,4,4,1,0.198,1.8,0.35714,0.96032,"Castor_canadensis","Microtus_pennsylvanicus"
"107",101,372,4,6,2,0.296,2.7,0.40476,0.95238,"Castor_canadensis","Microtus_sp."
"108",101,376,4,3,1,0.148,1.3,0.59524,0.88095,"Castor_canadensis","Mictomys_borealis"
"109",101,431,4,3,2,0.148,1.3,0.95238,0.40476,"Castor_canadensis","Neotoma_cinerea"
"110",101,471,4,4,1,0.198,1.8,0.35714,0.96032,"Castor_canadensis","Odocoileus_virginianus"
"111",101,481,4,5,2,0.247,2.2,0.64286,0.83333,"Castor_canadensis","Ondatra_zibethicus"
"112",101,508,4,3,2,0.148,1.3,0.95238,0.40476,"Castor_canadensis","Ovis_canadensis"
"113",101,562,4,4,2,0.198,1.8,0.83333,0.64286,"Castor_canadensis","Peromyscus_maniculatus"
"114",101,573,4,3,1,0.148,1.3,0.59524,0.88095,"Castor_canadensis","Peromyscus_sp."
"115",101,580,4,4,2,0.198,1.8,0.83333,0.64286,"Castor_canadensis","Phenacomys_intermedius"
"116",101,694,4,4,1,0.198,1.8,0.35714,0.96032,"Castor_canadensis","Sorex_cinereus"
"117",101,729,4,3,2,0.148,1.3,0.95238,0.40476,"Castor_canadensis","Spermophilus_columbianus"
"118",101,733,4,3,1,0.148,1.3,0.59524,0.88095,"Castor_canadensis","Spermophilus_franklinii"
"119",101,777,4,3,0,0.148,1.3,0.11905,1,"Castor_canadensis","Synaptomys_cooperi"
"120",101,787,4,3,3,0.148,1.3,1,0.04762,"Castor_canadensis","Tamias_sp."
"121",101,788,4,3,2,0.148,1.3,0.95238,0.40476,"Castor_canadensis","Tamias_striatus"
"122",101,790,4,3,3,0.148,1.3,1,0.04762,"Castor_canadensis","Tamiasciurus_hudsonicus"
"123",101,816,4,4,2,0.198,1.8,0.83333,0.64286,"Castor_canadensis","Thomomys_talpoides"
"124",101,834,4,3,3,0.148,1.3,1,0.04762,"Castor_canadensis","Ursus_americanus"
"125",120,148,3,3,1,0.111,1,0.77381,0.7619,"Clethrionomys_gapperi","Dasypus_bellus"
"126",120,202,3,4,1,0.148,1.3,0.59524,0.88095,"Clethrionomys_gapperi","Equus_sp."
"127",120,229,3,3,2,0.111,1,0.9881,0.22619,"Clethrionomys_gapperi","Geomys_bursarius"
"128",120,300,3,4,1,0.148,1.3,0.59524,0.88095,"Clethrionomys_gapperi","Lepus_americanus"
"129",120,316,3,3,2,0.111,1,0.9881,0.22619,"Clethrionomys_gapperi","Mammut_americanum"
"130",120,324,3,3,0,0.111,1,0.2381,1,"Clethrionomys_gapperi","Marmota_caligata"
"131",120,330,3,3,1,0.111,1,0.77381,0.7619,"Clethrionomys_gapperi","Martes_americana"
"132",120,334,3,3,2,0.111,1,0.9881,0.22619,"Clethrionomys_gapperi","Martes_pennanti"
"133",120,359,3,3,0,0.111,1,0.2381,1,"Clethrionomys_gapperi","Microtus_longicaudus"
"134",120,369,3,4,3,0.148,1.3,1,0.04762,"Clethrionomys_gapperi","Microtus_pennsylvanicus"
"135",120,372,3,6,3,0.222,2,1,0.2381,"Clethrionomys_gapperi","Microtus_sp."
"136",120,376,3,3,3,0.111,1,1,0.0119,"Clethrionomys_gapperi","Mictomys_borealis"
"137",120,431,3,3,0,0.111,1,0.2381,1,"Clethrionomys_gapperi","Neotoma_cinerea"
"138",120,471,3,4,1,0.148,1.3,0.59524,0.88095,"Clethrionomys_gapperi","Odocoileus_virginianus"
"139",120,481,3,5,3,0.185,1.7,1,0.11905,"Clethrionomys_gapperi","Ondatra_zibethicus"
"140",120,508,3,3,0,0.111,1,0.2381,1,"Clethrionomys_gapperi","Ovis_canadensis"
"141",120,562,3,4,1,0.148,1.3,0.59524,0.88095,"Clethrionomys_gapperi","Peromyscus_maniculatus"
"142",120,573,3,3,2,0.111,1,0.9881,0.22619,"Clethrionomys_gapperi","Peromyscus_sp."
"143",120,580,3,4,2,0.148,1.3,0.95238,0.40476,"Clethrionomys_gapperi","Phenacomys_intermedius"
"144",120,694,3,4,2,0.148,1.3,0.95238,0.40476,"Clethrionomys_gapperi","Sorex_cinereus"
"145",120,729,3,3,0,0.111,1,0.2381,1,"Clethrionomys_gapperi","Spermophilus_columbianus"
"146",120,733,3,3,1,0.111,1,0.77381,0.7619,"Clethrionomys_gapperi","Spermophilus_franklinii"
"147",120,777,3,3,2,0.111,1,0.9881,0.22619,"Clethrionomys_gapperi","Synaptomys_cooperi"
"148",120,787,3,3,1,0.111,1,0.77381,0.7619,"Clethrionomys_gapperi","Tamias_sp."
"149",120,788,3,3,2,0.111,1,0.9881,0.22619,"Clethrionomys_gapperi","Tamias_striatus"
"150",120,790,3,3,1,0.111,1,0.77381,0.7619,"Clethrionomys_gapperi","Tamiasciurus_hudsonicus"
"151",120,816,3,4,1,0.148,1.3,0.59524,0.88095,"Clethrionomys_gapperi","Thomomys_talpoides"
"152",120,834,3,3,1,0.111,1,0.77381,0.7619,"Clethrionomys_gapperi","Ursus_americanus"
"153",142,372,2,6,2,0.148,1.3,1,0.41667,"Cynomys_ludovicianus","Microtus_sp."
"154",142,481,2,5,1,0.123,1.1,0.72222,0.83333,"Cynomys_ludovicianus","Ondatra_zibethicus"
"155",148,202,3,4,3,0.148,1.3,1,0.04762,"Dasypus_bellus","Equus_sp."
"156",148,229,3,3,1,0.111,1,0.77381,0.7619,"Dasypus_bellus","Geomys_bursarius"
"157",148,300,3,4,0,0.148,1.3,0.11905,1,"Dasypus_bellus","Lepus_americanus"
"158",148,316,3,3,2,0.111,1,0.9881,0.22619,"Dasypus_bellus","Mammut_americanum"
"159",148,324,3,3,0,0.111,1,0.2381,1,"Dasypus_bellus","Marmota_caligata"
"160",148,330,3,3,0,0.111,1,0.2381,1,"Dasypus_bellus","Martes_americana"
"161",148,334,3,3,0,0.111,1,0.2381,1,"Dasypus_bellus","Martes_pennanti"
"162",148,359,3,3,0,0.111,1,0.2381,1,"Dasypus_bellus","Microtus_longicaudus"
"163",148,369,3,4,2,0.148,1.3,0.95238,0.40476,"Dasypus_bellus","Microtus_pennsylvanicus"
"164",148,372,3,6,3,0.222,2,1,0.2381,"Dasypus_bellus","Microtus_sp."
"165",148,376,3,3,1,0.111,1,0.77381,0.7619,"Dasypus_bellus","Mictomys_borealis"
"166",148,431,3,3,0,0.111,1,0.2381,1,"Dasypus_bellus","Neotoma_cinerea"
"167",148,471,3,4,2,0.148,1.3,0.95238,0.40476,"Dasypus_bellus","Odocoileus_virginianus"
"168",148,481,3,5,2,0.185,1.7,0.88095,0.59524,"Dasypus_bellus","Ondatra_zibethicus"
"169",148,508,3,3,0,0.111,1,0.2381,1,"Dasypus_bellus","Ovis_canadensis"
"170",148,562,3,4,0,0.148,1.3,0.11905,1,"Dasypus_bellus","Peromyscus_maniculatus"
"171",148,573,3,3,2,0.111,1,0.9881,0.22619,"Dasypus_bellus","Peromyscus_sp."
"172",148,580,3,4,1,0.148,1.3,0.59524,0.88095,"Dasypus_bellus","Phenacomys_intermedius"
"173",148,694,3,4,2,0.148,1.3,0.95238,0.40476,"Dasypus_bellus","Sorex_cinereus"
"174",148,729,3,3,0,0.111,1,0.2381,1,"Dasypus_bellus","Spermophilus_columbianus"
"175",148,733,3,3,2,0.111,1,0.9881,0.22619,"Dasypus_bellus","Spermophilus_franklinii"
"176",148,777,3,3,2,0.111,1,0.9881,0.22619,"Dasypus_bellus","Synaptomys_cooperi"
"177",148,787,3,3,0,0.111,1,0.2381,1,"Dasypus_bellus","Tamias_sp."
"178",148,788,3,3,1,0.111,1,0.77381,0.7619,"Dasypus_bellus","Tamias_striatus"
"179",148,790,3,3,0,0.111,1,0.2381,1,"Dasypus_bellus","Tamiasciurus_hudsonicus"
"180",148,816,3,4,1,0.148,1.3,0.59524,0.88095,"Dasypus_bellus","Thomomys_talpoides"
"181",148,834,3,3,0,0.111,1,0.2381,1,"Dasypus_bellus","Ursus_americanus"
"182",154,372,2,6,0,0.148,1.3,0.08333,1,"Dicrostonyx_torquatus","Microtus_sp."
"183",154,481,2,5,0,0.123,1.1,0.16667,1,"Dicrostonyx_torquatus","Ondatra_zibethicus"
"184",155,372,2,6,2,0.148,1.3,1,0.41667,"Didelphis_virginianus","Microtus_sp."
"185",155,481,2,5,1,0.123,1.1,0.72222,0.83333,"Didelphis_virginianus","Ondatra_zibethicus"
"186",202,229,4,3,1,0.148,1.3,0.59524,0.88095,"Equus_sp.","Geomys_bursarius"
"187",202,300,4,4,1,0.198,1.8,0.35714,0.96032,"Equus_sp.","Lepus_americanus"
"188",202,316,4,3,2,0.148,1.3,0.95238,0.40476,"Equus_sp.","Mammut_americanum"
"189",202,324,4,3,1,0.148,1.3,0.59524,0.88095,"Equus_sp.","Marmota_caligata"
"190",202,330,4,3,1,0.148,1.3,0.59524,0.88095,"Equus_sp.","Martes_americana"
"191",202,334,4,3,1,0.148,1.3,0.59524,0.88095,"Equus_sp.","Martes_pennanti"
"192",202,359,4,3,1,0.148,1.3,0.59524,0.88095,"Equus_sp.","Microtus_longicaudus"
"193",202,369,4,4,2,0.198,1.8,0.83333,0.64286,"Equus_sp.","Microtus_pennsylvanicus"
"194",202,372,4,6,3,0.296,2.7,0.88095,0.59524,"Equus_sp.","Microtus_sp."
"195",202,376,4,3,1,0.148,1.3,0.59524,0.88095,"Equus_sp.","Mictomys_borealis"
"196",202,431,4,3,1,0.148,1.3,0.59524,0.88095,"Equus_sp.","Neotoma_cinerea"
"197",202,471,4,4,2,0.198,1.8,0.83333,0.64286,"Equus_sp.","Odocoileus_virginianus"
"198",202,481,4,5,2,0.247,2.2,0.64286,0.83333,"Equus_sp.","Ondatra_zibethicus"
"199",202,508,4,3,1,0.148,1.3,0.59524,0.88095,"Equus_sp.","Ovis_canadensis"
"200",202,562,4,4,1,0.198,1.8,0.35714,0.96032,"Equus_sp.","Peromyscus_maniculatus"
"201",202,573,4,3,2,0.148,1.3,0.95238,0.40476,"Equus_sp.","Peromyscus_sp."
"202",202,580,4,4,2,0.198,1.8,0.83333,0.64286,"Equus_sp.","Phenacomys_intermedius"
"203",202,694,4,4,2,0.198,1.8,0.83333,0.64286,"Equus_sp.","Sorex_cinereus"
"204",202,729,4,3,1,0.148,1.3,0.59524,0.88095,"Equus_sp.","Spermophilus_columbianus"
"205",202,733,4,3,2,0.148,1.3,0.95238,0.40476,"Equus_sp.","Spermophilus_franklinii"
"206",202,777,4,3,2,0.148,1.3,0.95238,0.40476,"Equus_sp.","Synaptomys_cooperi"
"207",202,787,4,3,1,0.148,1.3,0.59524,0.88095,"Equus_sp.","Tamias_sp."
"208",202,788,4,3,1,0.148,1.3,0.59524,0.88095,"Equus_sp.","Tamias_striatus"
"209",202,790,4,3,1,0.148,1.3,0.59524,0.88095,"Equus_sp.","Tamiasciurus_hudsonicus"
"210",202,816,4,4,2,0.198,1.8,0.83333,0.64286,"Equus_sp.","Thomomys_talpoides"
"211",202,834,4,3,1,0.148,1.3,0.59524,0.88095,"Equus_sp.","Ursus_americanus"
"212",229,300,3,4,1,0.148,1.3,0.59524,0.88095,"Geomys_bursarius","Lepus_americanus"
"213",229,316,3,3,1,0.111,1,0.77381,0.7619,"Geomys_bursarius","Mammut_americanum"
"214",229,324,3,3,0,0.111,1,0.2381,1,"Geomys_bursarius","Marmota_caligata"
"215",229,330,3,3,0,0.111,1,0.2381,1,"Geomys_bursarius","Martes_americana"
"216",229,334,3,3,1,0.111,1,0.77381,0.7619,"Geomys_bursarius","Martes_pennanti"
"217",229,359,3,3,0,0.111,1,0.2381,1,"Geomys_bursarius","Microtus_longicaudus"
"218",229,369,3,4,2,0.148,1.3,0.95238,0.40476,"Geomys_bursarius","Microtus_pennsylvanicus"
"219",229,372,3,6,3,0.222,2,1,0.2381,"Geomys_bursarius","Microtus_sp."
"220",229,376,3,3,2,0.111,1,0.9881,0.22619,"Geomys_bursarius","Mictomys_borealis"
"221",229,431,3,3,0,0.111,1,0.2381,1,"Geomys_bursarius","Neotoma_cinerea"
"222",229,471,3,4,1,0.148,1.3,0.59524,0.88095,"Geomys_bursarius","Odocoileus_virginianus"
"223",229,481,3,5,3,0.185,1.7,1,0.11905,"Geomys_bursarius","Ondatra_zibethicus"
"224",229,508,3,3,0,0.111,1,0.2381,1,"Geomys_bursarius","Ovis_canadensis"
"225",229,562,3,4,0,0.148,1.3,0.11905,1,"Geomys_bursarius","Peromyscus_maniculatus"
"226",229,573,3,3,2,0.111,1,0.9881,0.22619,"Geomys_bursarius","Peromyscus_sp."
"227",229,580,3,4,1,0.148,1.3,0.59524,0.88095,"Geomys_bursarius","Phenacomys_intermedius"
"228",229,694,3,4,2,0.148,1.3,0.95238,0.40476,"Geomys_bursarius","Sorex_cinereus"
"229",229,729,3,3,0,0.111,1,0.2381,1,"Geomys_bursarius","Spermophilus_columbianus"
"230",229,733,3,3,2,0.111,1,0.9881,0.22619,"Geomys_bursarius","Spermophilus_franklinii"
"231",229,777,3,3,1,0.111,1,0.77381,0.7619,"Geomys_bursarius","Synaptomys_cooperi"
"232",229,787,3,3,1,0.111,1,0.77381,0.7619,"Geomys_bursarius","Tamias_sp."
"233",229,788,3,3,3,0.111,1,1,0.0119,"Geomys_bursarius","Tamias_striatus"
"234",229,790,3,3,1,0.111,1,0.77381,0.7619,"Geomys_bursarius","Tamiasciurus_hudsonicus"
"235",229,816,3,4,1,0.148,1.3,0.59524,0.88095,"Geomys_bursarius","Thomomys_talpoides"
"236",229,834,3,3,2,0.111,1,0.9881,0.22619,"Geomys_bursarius","Ursus_americanus"
"237",242,372,2,6,2,0.148,1.3,1,0.41667,"Geomys_sp.","Microtus_sp."
"238",242,481,2,5,1,0.123,1.1,0.72222,0.83333,"Geomys_sp.","Ondatra_zibethicus"
"239",300,316,4,3,0,0.148,1.3,0.11905,1,"Lepus_americanus","Mammut_americanum"
"240",300,324,4,3,3,0.148,1.3,1,0.04762,"Lepus_americanus","Marmota_caligata"
"241",300,330,4,3,2,0.148,1.3,0.95238,0.40476,"Lepus_americanus","Martes_americana"
"242",300,334,4,3,2,0.148,1.3,0.95238,0.40476,"Lepus_americanus","Martes_pennanti"
"243",300,359,4,3,3,0.148,1.3,1,0.04762,"Lepus_americanus","Microtus_longicaudus"
"244",300,369,4,4,1,0.198,1.8,0.35714,0.96032,"Lepus_americanus","Microtus_pennsylvanicus"
"245",300,372,4,6,1,0.296,2.7,0.04762,1,"Lepus_americanus","Microtus_sp."
"246",300,376,4,3,1,0.148,1.3,0.59524,0.88095,"Lepus_americanus","Mictomys_borealis"
"247",300,431,4,3,3,0.148,1.3,1,0.04762,"Lepus_americanus","Neotoma_cinerea"
"248",300,471,4,4,0,0.198,1.8,0.03968,1,"Lepus_americanus","Odocoileus_virginianus"
"249",300,481,4,5,1,0.247,2.2,0.16667,0.99206,"Lepus_americanus","Ondatra_zibethicus"
"250",300,508,4,3,3,0.148,1.3,1,0.04762,"Lepus_americanus","Ovis_canadensis"
"251",300,562,4,4,3,0.198,1.8,0.99206,0.16667,"Lepus_americanus","Peromyscus_maniculatus"
"252",300,573,4,3,1,0.148,1.3,0.59524,0.88095,"Lepus_americanus","Peromyscus_sp."
"253",300,580,4,4,2,0.198,1.8,0.83333,0.64286,"Lepus_americanus","Phenacomys_intermedius"
"254",300,694,4,4,2,0.198,1.8,0.83333,0.64286,"Lepus_americanus","Sorex_cinereus"
"255",300,729,4,3,3,0.148,1.3,1,0.04762,"Lepus_americanus","Spermophilus_columbianus"
"256",300,733,4,3,0,0.148,1.3,0.11905,1,"Lepus_americanus","Spermophilus_franklinii"
"257",300,777,4,3,0,0.148,1.3,0.11905,1,"Lepus_americanus","Synaptomys_cooperi"
"258",300,787,4,3,3,0.148,1.3,1,0.04762,"Lepus_americanus","Tamias_sp."
"259",300,788,4,3,1,0.148,1.3,0.59524,0.88095,"Lepus_americanus","Tamias_striatus"
"260",300,790,4,3,3,0.148,1.3,1,0.04762,"Lepus_americanus","Tamiasciurus_hudsonicus"
"261",300,816,4,4,3,0.198,1.8,0.99206,0.16667,"Lepus_americanus","Thomomys_talpoides"
"262",300,834,4,3,2,0.148,1.3,0.95238,0.40476,"Lepus_americanus","Ursus_americanus"
"263",314,372,2,6,2,0.148,1.3,1,0.41667,"Lynx_rufus","Microtus_sp."
"264",314,481,2,5,2,0.123,1.1,1,0.27778,"Lynx_rufus","Ondatra_zibethicus"
"265",316,324,3,3,0,0.111,1,0.2381,1,"Mammut_americanum","Marmota_caligata"
"266",316,330,3,3,1,0.111,1,0.77381,0.7619,"Mammut_americanum","Martes_americana"
"267",316,334,3,3,1,0.111,1,0.77381,0.7619,"Mammut_americanum","Martes_pennanti"
"268",316,359,3,3,0,0.111,1,0.2381,1,"Mammut_americanum","Microtus_longicaudus"
"269",316,369,3,4,3,0.148,1.3,1,0.04762,"Mammut_americanum","Microtus_pennsylvanicus"
"270",316,372,3,6,3,0.222,2,1,0.2381,"Mammut_americanum","Microtus_sp."
"271",316,376,3,3,2,0.111,1,0.9881,0.22619,"Mammut_americanum","Mictomys_borealis"
"272",316,431,3,3,0,0.111,1,0.2381,1,"Mammut_americanum","Neotoma_cinerea"
"273",316,471,3,4,2,0.148,1.3,0.95238,0.40476,"Mammut_americanum","Odocoileus_virginianus"
"274",316,481,3,5,3,0.185,1.7,1,0.11905,"Mammut_americanum","Ondatra_zibethicus"
"275",316,508,3,3,0,0.111,1,0.2381,1,"Mammut_americanum","Ovis_canadensis"
"276",316,562,3,4,1,0.148,1.3,0.59524,0.88095,"Mammut_americanum","Peromyscus_maniculatus"
"277",316,573,3,3,1,0.111,1,0.77381,0.7619,"Mammut_americanum","Peromyscus_sp."
"278",316,580,3,4,2,0.148,1.3,0.95238,0.40476,"Mammut_americanum","Phenacomys_intermedius"
"279",316,694,3,4,2,0.148,1.3,0.95238,0.40476,"Mammut_americanum","Sorex_cinereus"
"280",316,729,3,3,0,0.111,1,0.2381,1,"Mammut_americanum","Spermophilus_columbianus"
"281",316,733,3,3,2,0.111,1,0.9881,0.22619,"Mammut_americanum","Spermophilus_franklinii"
"282",316,777,3,3,3,0.111,1,1,0.0119,"Mammut_americanum","Synaptomys_cooperi"
"283",316,787,3,3,0,0.111,1,0.2381,1,"Mammut_americanum","Tamias_sp."
"284",316,788,3,3,1,0.111,1,0.77381,0.7619,"Mammut_americanum","Tamias_striatus"
"285",316,790,3,3,0,0.111,1,0.2381,1,"Mammut_americanum","Tamiasciurus_hudsonicus"
"286",316,816,3,4,1,0.148,1.3,0.59524,0.88095,"Mammut_americanum","Thomomys_talpoides"
"287",316,834,3,3,0,0.111,1,0.2381,1,"Mammut_americanum","Ursus_americanus"
"288",324,330,3,3,2,0.111,1,0.9881,0.22619,"Marmota_caligata","Martes_americana"
"289",324,334,3,3,1,0.111,1,0.77381,0.7619,"Marmota_caligata","Martes_pennanti"
"290",324,359,3,3,3,0.111,1,1,0.0119,"Marmota_caligata","Microtus_longicaudus"
"291",324,369,3,4,0,0.148,1.3,0.11905,1,"Marmota_caligata","Microtus_pennsylvanicus"
"292",324,372,3,6,0,0.222,2,0.0119,1,"Marmota_caligata","Microtus_sp."
"293",324,376,3,3,0,0.111,1,0.2381,1,"Marmota_caligata","Mictomys_borealis"
"294",324,431,3,3,3,0.111,1,1,0.0119,"Marmota_caligata","Neotoma_cinerea"
"295",324,471,3,4,0,0.148,1.3,0.11905,1,"Marmota_caligata","Odocoileus_virginianus"
"296",324,481,3,5,0,0.185,1.7,0.04762,1,"Marmota_caligata","Ondatra_zibethicus"
"297",324,508,3,3,3,0.111,1,1,0.0119,"Marmota_caligata","Ovis_canadensis"
"298",324,562,3,4,3,0.148,1.3,1,0.04762,"Marmota_caligata","Peromyscus_maniculatus"
"299",324,573,3,3,0,0.111,1,0.2381,1,"Marmota_caligata","Peromyscus_sp."
"300",324,580,3,4,2,0.148,1.3,0.95238,0.40476,"Marmota_caligata","Phenacomys_intermedius"
"301",324,694,3,4,1,0.148,1.3,0.59524,0.88095,"Marmota_caligata","Sorex_cinereus"
"302",324,729,3,3,3,0.111,1,1,0.0119,"Marmota_caligata","Spermophilus_columbianus"
"303",324,733,3,3,0,0.111,1,0.2381,1,"Marmota_caligata","Spermophilus_franklinii"
"304",324,777,3,3,0,0.111,1,0.2381,1,"Marmota_caligata","Synaptomys_cooperi"
"305",324,787,3,3,2,0.111,1,0.9881,0.22619,"Marmota_caligata","Tamias_sp."
"306",324,788,3,3,0,0.111,1,0.2381,1,"Marmota_caligata","Tamias_striatus"
"307",324,790,3,3,2,0.111,1,0.9881,0.22619,"Marmota_caligata","Tamiasciurus_hudsonicus"
"308",324,816,3,4,3,0.148,1.3,1,0.04762,"Marmota_caligata","Thomomys_talpoides"
"309",324,834,3,3,1,0.111,1,0.77381,0.7619,"Marmota_caligata","Ursus_americanus"
"310",326,372,2,6,2,0.148,1.3,1,0.41667,"Marmota_monax","Microtus_sp."
"311",326,481,2,5,2,0.123,1.1,1,0.27778,"Marmota_monax","Ondatra_zibethicus"
"312",330,334,3,3,2,0.111,1,0.9881,0.22619,"Martes_americana","Martes_pennanti"
"313",330,359,3,3,2,0.111,1,0.9881,0.22619,"Martes_americana","Microtus_longicaudus"
"314",330,369,3,4,1,0.148,1.3,0.59524,0.88095,"Martes_americana","Microtus_pennsylvanicus"
"315",330,372,3,6,1,0.222,2,0.22619,0.9881,"Martes_americana","Microtus_sp."
"316",330,376,3,3,1,0.111,1,0.77381,0.7619,"Martes_americana","Mictomys_borealis"
"317",330,431,3,3,2,0.111,1,0.9881,0.22619,"Martes_americana","Neotoma_cinerea"
"318",330,471,3,4,1,0.148,1.3,0.59524,0.88095,"Martes_americana","Odocoileus_virginianus"
"319",330,481,3,5,1,0.185,1.7,0.40476,0.95238,"Martes_americana","Ondatra_zibethicus"
"320",330,508,3,3,2,0.111,1,0.9881,0.22619,"Martes_americana","Ovis_canadensis"
"321",330,562,3,4,3,0.148,1.3,1,0.04762,"Martes_americana","Peromyscus_maniculatus"
"322",330,573,3,3,0,0.111,1,0.2381,1,"Martes_americana","Peromyscus_sp."
"323",330,580,3,4,2,0.148,1.3,0.95238,0.40476,"Martes_americana","Phenacomys_intermedius"
"324",330,694,3,4,1,0.148,1.3,0.59524,0.88095,"Martes_americana","Sorex_cinereus"
"325",330,729,3,3,2,0.111,1,0.9881,0.22619,"Martes_americana","Spermophilus_columbianus"
"326",330,733,3,3,0,0.111,1,0.2381,1,"Martes_americana","Spermophilus_franklinii"
"327",330,777,3,3,1,0.111,1,0.77381,0.7619,"Martes_americana","Synaptomys_cooperi"
"328",330,787,3,3,1,0.111,1,0.77381,0.7619,"Martes_americana","Tamias_sp."
"329",330,788,3,3,0,0.111,1,0.2381,1,"Martes_americana","Tamias_striatus"
"330",330,790,3,3,1,0.111,1,0.77381,0.7619,"Martes_americana","Tamiasciurus_hudsonicus"
"331",330,816,3,4,2,0.148,1.3,0.95238,0.40476,"Martes_americana","Thomomys_talpoides"
"332",330,834,3,3,1,0.111,1,0.77381,0.7619,"Martes_americana","Ursus_americanus"
"333",334,359,3,3,1,0.111,1,0.77381,0.7619,"Martes_pennanti","Microtus_longicaudus"
"334",334,369,3,4,2,0.148,1.3,0.95238,0.40476,"Martes_pennanti","Microtus_pennsylvanicus"
"335",334,372,3,6,2,0.222,2,0.7619,0.77381,"Martes_pennanti","Microtus_sp."
"336",334,376,3,3,2,0.111,1,0.9881,0.22619,"Martes_pennanti","Mictomys_borealis"
"337",334,431,3,3,1,0.111,1,0.77381,0.7619,"Martes_pennanti","Neotoma_cinerea"
"338",334,471,3,4,1,0.148,1.3,0.59524,0.88095,"Martes_pennanti","Odocoileus_virginianus"
"339",334,481,3,5,2,0.185,1.7,0.88095,0.59524,"Martes_pennanti","Ondatra_zibethicus"
"340",334,508,3,3,1,0.111,1,0.77381,0.7619,"Martes_pennanti","Ovis_canadensis"
"341",334,562,3,4,2,0.148,1.3,0.95238,0.40476,"Martes_pennanti","Peromyscus_maniculatus"
"342",334,573,3,3,1,0.111,1,0.77381,0.7619,"Martes_pennanti","Peromyscus_sp."
"343",334,580,3,4,2,0.148,1.3,0.95238,0.40476,"Martes_pennanti","Phenacomys_intermedius"
"344",334,694,3,4,1,0.148,1.3,0.59524,0.88095,"Martes_pennanti","Sorex_cinereus"
"345",334,729,3,3,1,0.111,1,0.77381,0.7619,"Martes_pennanti","Spermophilus_columbianus"
"346",334,733,3,3,0,0.111,1,0.2381,1,"Martes_pennanti","Spermophilus_franklinii"
"347",334,777,3,3,1,0.111,1,0.77381,0.7619,"Martes_pennanti","Synaptomys_cooperi"
"348",334,787,3,3,2,0.111,1,0.9881,0.22619,"Martes_pennanti","Tamias_sp."
"349",334,788,3,3,1,0.111,1,0.77381,0.7619,"Martes_pennanti","Tamias_striatus"
"350",334,790,3,3,2,0.111,1,0.9881,0.22619,"Martes_pennanti","Tamiasciurus_hudsonicus"
"351",334,816,3,4,1,0.148,1.3,0.59524,0.88095,"Martes_pennanti","Thomomys_talpoides"
"352",334,834,3,3,2,0.111,1,0.9881,0.22619,"Martes_pennanti","Ursus_americanus"
"353",359,369,3,4,0,0.148,1.3,0.11905,1,"Microtus_longicaudus","Microtus_pennsylvanicus"
"354",359,372,3,6,0,0.222,2,0.0119,1,"Microtus_longicaudus","Microtus_sp."
"355",359,376,3,3,0,0.111,1,0.2381,1,"Microtus_longicaudus","Mictomys_borealis"
"356",359,431,3,3,3,0.111,1,1,0.0119,"Microtus_longicaudus","Neotoma_cinerea"
"357",359,471,3,4,0,0.148,1.3,0.11905,1,"Microtus_longicaudus","Odocoileus_virginianus"
"358",359,481,3,5,0,0.185,1.7,0.04762,1,"Microtus_longicaudus","Ondatra_zibethicus"
"359",359,508,3,3,3,0.111,1,1,0.0119,"Microtus_longicaudus","Ovis_canadensis"
"360",359,562,3,4,3,0.148,1.3,1,0.04762,"Microtus_longicaudus","Peromyscus_maniculatus"
"361",359,573,3,3,0,0.111,1,0.2381,1,"Microtus_longicaudus","Peromyscus_sp."
"362",359,580,3,4,2,0.148,1.3,0.95238,0.40476,"Microtus_longicaudus","Phenacomys_intermedius"
"363",359,694,3,4,1,0.148,1.3,0.59524,0.88095,"Microtus_longicaudus","Sorex_cinereus"
"364",359,729,3,3,3,0.111,1,1,0.0119,"Microtus_longicaudus","Spermophilus_columbianus"
"365",359,733,3,3,0,0.111,1,0.2381,1,"Microtus_longicaudus","Spermophilus_franklinii"
"366",359,777,3,3,0,0.111,1,0.2381,1,"Microtus_longicaudus","Synaptomys_cooperi"
"367",359,787,3,3,2,0.111,1,0.9881,0.22619,"Microtus_longicaudus","Tamias_sp."
"368",359,788,3,3,0,0.111,1,0.2381,1,"Microtus_longicaudus","Tamias_striatus"
"369",359,790,3,3,2,0.111,1,0.9881,0.22619,"Microtus_longicaudus","Tamiasciurus_hudsonicus"
"370",359,816,3,4,3,0.148,1.3,1,0.04762,"Microtus_longicaudus","Thomomys_talpoides"
"371",359,834,3,3,1,0.111,1,0.77381,0.7619,"Microtus_longicaudus","Ursus_americanus"
"372",366,372,2,6,2,0.148,1.3,1,0.41667,"Microtus_ochrogaster","Microtus_sp."
"373",366,481,2,5,1,0.123,1.1,0.72222,0.83333,"Microtus_ochrogaster","Ondatra_zibethicus"
"374",369,372,4,6,4,0.296,2.7,1,0.11905,"Microtus_pennsylvanicus","Microtus_sp."
"375",369,376,4,3,3,0.148,1.3,1,0.04762,"Microtus_pennsylvanicus","Mictomys_borealis"
"376",369,431,4,3,0,0.148,1.3,0.11905,1,"Microtus_pennsylvanicus","Neotoma_cinerea"
"377",369,471,4,4,2,0.198,1.8,0.83333,0.64286,"Microtus_pennsylvanicus","Odocoileus_virginianus"
"378",369,481,4,5,4,0.247,2.2,1,0.03968,"Microtus_pennsylvanicus","Ondatra_zibethicus"
"379",369,508,4,3,0,0.148,1.3,0.11905,1,"Microtus_pennsylvanicus","Ovis_canadensis"
"380",369,562,4,4,1,0.198,1.8,0.35714,0.96032,"Microtus_pennsylvanicus","Peromyscus_maniculatus"
"381",369,573,4,3,2,0.148,1.3,0.95238,0.40476,"Microtus_pennsylvanicus","Peromyscus_sp."
"382",369,580,4,4,2,0.198,1.8,0.83333,0.64286,"Microtus_pennsylvanicus","Phenacomys_intermedius"
"383",369,694,4,4,3,0.198,1.8,0.99206,0.16667,"Microtus_pennsylvanicus","Sorex_cinereus"
"384",369,729,4,3,0,0.148,1.3,0.11905,1,"Microtus_pennsylvanicus","Spermophilus_columbianus"
"385",369,733,4,3,2,0.148,1.3,0.95238,0.40476,"Microtus_pennsylvanicus","Spermophilus_franklinii"
"386",369,777,4,3,3,0.148,1.3,1,0.04762,"Microtus_pennsylvanicus","Synaptomys_cooperi"
"387",369,787,4,3,1,0.148,1.3,0.59524,0.88095,"Microtus_pennsylvanicus","Tamias_sp."
"388",369,788,4,3,2,0.148,1.3,0.95238,0.40476,"Microtus_pennsylvanicus","Tamias_striatus"
"389",369,790,4,3,1,0.148,1.3,0.59524,0.88095,"Microtus_pennsylvanicus","Tamiasciurus_hudsonicus"
"390",369,816,4,4,1,0.198,1.8,0.35714,0.96032,"Microtus_pennsylvanicus","Thomomys_talpoides"
"391",369,834,4,3,1,0.148,1.3,0.59524,0.88095,"Microtus_pennsylvanicus","Ursus_americanus"
"392",372,376,6,3,3,0.222,2,1,0.2381,"Microtus_sp.","Mictomys_borealis"
"393",372,404,6,2,1,0.148,1.3,0.58333,0.91667,"Microtus_sp.","Mustela_vison"
"394",372,431,6,3,0,0.222,2,0.0119,1,"Microtus_sp.","Neotoma_cinerea"
"395",372,433,6,2,2,0.148,1.3,1,0.41667,"Microtus_sp.","Neotoma_floridana"
"396",372,444,6,2,2,0.148,1.3,1,0.41667,"Microtus_sp.","Neotoma_sp."
"397",372,457,6,2,0,0.148,1.3,0.08333,1,"Microtus_sp.","Ochotona_princeps"
"398",372,471,6,4,4,0.296,2.7,1,0.11905,"Microtus_sp.","Odocoileus_virginianus"
"399",372,481,6,5,5,0.37,3.3,1,0.04762,"Microtus_sp.","Ondatra_zibethicus"
"400",372,508,6,3,0,0.222,2,0.0119,1,"Microtus_sp.","Ovis_canadensis"
"401",372,562,6,4,1,0.296,2.7,0.04762,1,"Microtus_sp.","Peromyscus_maniculatus"
"402",372,573,6,3,3,0.222,2,1,0.2381,"Microtus_sp.","Peromyscus_sp."
"403",372,580,6,4,2,0.296,2.7,0.40476,0.95238,"Microtus_sp.","Phenacomys_intermedius"
"404",372,589,6,2,2,0.148,1.3,1,0.41667,"Microtus_sp.","Platygonus_compressus"
"405",372,619,6,2,2,0.148,1.3,1,0.41667,"Microtus_sp.","Procyon_lotor"
"406",372,660,6,2,2,0.148,1.3,1,0.41667,"Microtus_sp.","Scalopus_aquaticus"
"407",372,679,6,2,2,0.148,1.3,1,0.41667,"Microtus_sp.","Sigmodon_hispidus"
"408",372,694,6,4,3,0.296,2.7,0.88095,0.59524,"Microtus_sp.","Sorex_cinereus"
"409",372,729,6,3,0,0.222,2,0.0119,1,"Microtus_sp.","Spermophilus_columbianus"
"410",372,733,6,3,3,0.222,2,1,0.2381,"Microtus_sp.","Spermophilus_franklinii"
"411",372,736,6,2,0,0.148,1.3,0.08333,1,"Microtus_sp.","Spermophilus_lateralis"
"412",372,751,6,2,2,0.148,1.3,1,0.41667,"Microtus_sp.","Spermophilus_tridecemlineatus"
"413",372,768,6,2,2,0.148,1.3,1,0.41667,"Microtus_sp.","Sylvilagus_floridanus"
"414",372,777,6,3,3,0.222,2,1,0.2381,"Microtus_sp.","Synaptomys_cooperi"
"415",372,787,6,3,1,0.222,2,0.22619,0.9881,"Microtus_sp.","Tamias_sp."
"416",372,788,6,3,3,0.222,2,1,0.2381,"Microtus_sp.","Tamias_striatus"
"417",372,790,6,3,1,0.222,2,0.22619,0.9881,"Microtus_sp.","Tamiasciurus_hudsonicus"
"418",372,816,6,4,1,0.296,2.7,0.04762,1,"Microtus_sp.","Thomomys_talpoides"
"419",372,829,6,2,2,0.148,1.3,1,0.41667,"Microtus_sp.","Urocyon_cinereoargenteus"
"420",372,834,6,3,2,0.222,2,0.7619,0.77381,"Microtus_sp.","Ursus_americanus"
"421",372,841,6,2,1,0.148,1.3,0.58333,0.91667,"Microtus_sp.","Vulpes_vulpes"
"422",376,431,3,3,0,0.111,1,0.2381,1,"Mictomys_borealis","Neotoma_cinerea"
"423",376,471,3,4,1,0.148,1.3,0.59524,0.88095,"Mictomys_borealis","Odocoileus_virginianus"
"424",376,481,3,5,3,0.185,1.7,1,0.11905,"Mictomys_borealis","Ondatra_zibethicus"
"425",376,508,3,3,0,0.111,1,0.2381,1,"Mictomys_borealis","Ovis_canadensis"
"426",376,562,3,4,1,0.148,1.3,0.59524,0.88095,"Mictomys_borealis","Peromyscus_maniculatus"
"427",376,573,3,3,2,0.111,1,0.9881,0.22619,"Mictomys_borealis","Peromyscus_sp."
"428",376,580,3,4,2,0.148,1.3,0.95238,0.40476,"Mictomys_borealis","Phenacomys_intermedius"
"429",376,694,3,4,2,0.148,1.3,0.95238,0.40476,"Mictomys_borealis","Sorex_cinereus"
"430",376,729,3,3,0,0.111,1,0.2381,1,"Mictomys_borealis","Spermophilus_columbianus"
"431",376,733,3,3,1,0.111,1,0.77381,0.7619,"Mictomys_borealis","Spermophilus_franklinii"
"432",376,777,3,3,2,0.111,1,0.9881,0.22619,"Mictomys_borealis","Synaptomys_cooperi"
"433",376,787,3,3,1,0.111,1,0.77381,0.7619,"Mictomys_borealis","Tamias_sp."
"434",376,788,3,3,2,0.111,1,0.9881,0.22619,"Mictomys_borealis","Tamias_striatus"
"435",376,790,3,3,1,0.111,1,0.77381,0.7619,"Mictomys_borealis","Tamiasciurus_hudsonicus"
"436",376,816,3,4,1,0.148,1.3,0.59524,0.88095,"Mictomys_borealis","Thomomys_talpoides"
"437",376,834,3,3,1,0.111,1,0.77381,0.7619,"Mictomys_borealis","Ursus_americanus"
"438",404,481,2,5,1,0.123,1.1,0.72222,0.83333,"Mustela_vison","Ondatra_zibethicus"
"439",431,471,3,4,0,0.148,1.3,0.11905,1,"Neotoma_cinerea","Odocoileus_virginianus"
"440",431,481,3,5,0,0.185,1.7,0.04762,1,"Neotoma_cinerea","Ondatra_zibethicus"
"441",431,508,3,3,3,0.111,1,1,0.0119,"Neotoma_cinerea","Ovis_canadensis"
"442",431,562,3,4,3,0.148,1.3,1,0.04762,"Neotoma_cinerea","Peromyscus_maniculatus"
"443",431,573,3,3,0,0.111,1,0.2381,1,"Neotoma_cinerea","Peromyscus_sp."
"444",431,580,3,4,2,0.148,1.3,0.95238,0.40476,"Neotoma_cinerea","Phenacomys_intermedius"
"445",431,694,3,4,1,0.148,1.3,0.59524,0.88095,"Neotoma_cinerea","Sorex_cinereus"
"446",431,729,3,3,3,0.111,1,1,0.0119,"Neotoma_cinerea","Spermophilus_columbianus"
"447",431,733,3,3,0,0.111,1,0.2381,1,"Neotoma_cinerea","Spermophilus_franklinii"
"448",431,777,3,3,0,0.111,1,0.2381,1,"Neotoma_cinerea","Synaptomys_cooperi"
"449",431,787,3,3,2,0.111,1,0.9881,0.22619,"Neotoma_cinerea","Tamias_sp."
"450",431,788,3,3,0,0.111,1,0.2381,1,"Neotoma_cinerea","Tamias_striatus"
"451",431,790,3,3,2,0.111,1,0.9881,0.22619,"Neotoma_cinerea","Tamiasciurus_hudsonicus"
"452",431,816,3,4,3,0.148,1.3,1,0.04762,"Neotoma_cinerea","Thomomys_talpoides"
"453",431,834,3,3,1,0.111,1,0.77381,0.7619,"Neotoma_cinerea","Ursus_americanus"
"454",433,481,2,5,2,0.123,1.1,1,0.27778,"Neotoma_floridana","Ondatra_zibethicus"
"455",444,481,2,5,1,0.123,1.1,0.72222,0.83333,"Neotoma_sp.","Ondatra_zibethicus"
"456",457,481,2,5,0,0.123,1.1,0.16667,1,"Ochotona_princeps","Ondatra_zibethicus"
"457",471,481,4,5,3,0.247,2.2,0.96032,0.35714,"Odocoileus_virginianus","Ondatra_zibethicus"
"458",471,508,4,3,0,0.148,1.3,0.11905,1,"Odocoileus_virginianus","Ovis_canadensis"
"459",471,562,4,4,1,0.198,1.8,0.35714,0.96032,"Odocoileus_virginianus","Peromyscus_maniculatus"
"460",471,573,4,3,1,0.148,1.3,0.59524,0.88095,"Odocoileus_virginianus","Peromyscus_sp."
"461",471,580,4,4,1,0.198,1.8,0.35714,0.96032,"Odocoileus_virginianus","Phenacomys_intermedius"
"462",471,694,4,4,1,0.198,1.8,0.35714,0.96032,"Odocoileus_virginianus","Sorex_cinereus"
"463",471,729,4,3,0,0.148,1.3,0.11905,1,"Odocoileus_virginianus","Spermophilus_columbianus"
"464",471,733,4,3,2,0.148,1.3,0.95238,0.40476,"Odocoileus_virginianus","Spermophilus_franklinii"
"465",471,777,4,3,2,0.148,1.3,0.95238,0.40476,"Odocoileus_virginianus","Synaptomys_cooperi"
"466",471,787,4,3,0,0.148,1.3,0.11905,1,"Odocoileus_virginianus","Tamias_sp."
"467",471,788,4,3,1,0.148,1.3,0.59524,0.88095,"Odocoileus_virginianus","Tamias_striatus"
"468",471,790,4,3,0,0.148,1.3,0.11905,1,"Odocoileus_virginianus","Tamiasciurus_hudsonicus"
"469",471,816,4,4,0,0.198,1.8,0.03968,1,"Odocoileus_virginianus","Thomomys_talpoides"
"470",471,834,4,3,1,0.148,1.3,0.59524,0.88095,"Odocoileus_virginianus","Ursus_americanus"
"471",481,508,5,3,0,0.185,1.7,0.04762,1,"Ondatra_zibethicus","Ovis_canadensis"
"472",481,562,5,4,1,0.247,2.2,0.16667,0.99206,"Ondatra_zibethicus","Peromyscus_maniculatus"
"473",481,573,5,3,2,0.185,1.7,0.88095,0.59524,"Ondatra_zibethicus","Peromyscus_sp."
"474",481,580,5,4,2,0.247,2.2,0.64286,0.83333,"Ondatra_zibethicus","Phenacomys_intermedius"
"475",481,589,5,2,1,0.123,1.1,0.72222,0.83333,"Ondatra_zibethicus","Platygonus_compressus"
"476",481,619,5,2,2,0.123,1.1,1,0.27778,"Ondatra_zibethicus","Procyon_lotor"
"477",481,660,5,2,2,0.123,1.1,1,0.27778,"Ondatra_zibethicus","Scalopus_aquaticus"
"478",481,679,5,2,1,0.123,1.1,0.72222,0.83333,"Ondatra_zibethicus","Sigmodon_hispidus"
"479",481,694,5,4,3,0.247,2.2,0.96032,0.35714,"Ondatra_zibethicus","Sorex_cinereus"
"480",481,729,5,3,0,0.185,1.7,0.04762,1,"Ondatra_zibethicus","Spermophilus_columbianus"
"481",481,733,5,3,3,0.185,1.7,1,0.11905,"Ondatra_zibethicus","Spermophilus_franklinii"
"482",481,736,5,2,0,0.123,1.1,0.16667,1,"Ondatra_zibethicus","Spermophilus_lateralis"
"483",481,751,5,2,2,0.123,1.1,1,0.27778,"Ondatra_zibethicus","Spermophilus_tridecemlineatus"
"484",481,768,5,2,2,0.123,1.1,1,0.27778,"Ondatra_zibethicus","Sylvilagus_floridanus"
"485",481,777,5,3,3,0.185,1.7,1,0.11905,"Ondatra_zibethicus","Synaptomys_cooperi"
"486",481,787,5,3,1,0.185,1.7,0.40476,0.95238,"Ondatra_zibethicus","Tamias_sp."
"487",481,788,5,3,3,0.185,1.7,1,0.11905,"Ondatra_zibethicus","Tamias_striatus"
"488",481,790,5,3,1,0.185,1.7,0.40476,0.95238,"Ondatra_zibethicus","Tamiasciurus_hudsonicus"
"489",481,816,5,4,1,0.247,2.2,0.16667,0.99206,"Ondatra_zibethicus","Thomomys_talpoides"
"490",481,829,5,2,1,0.123,1.1,0.72222,0.83333,"Ondatra_zibethicus","Urocyon_cinereoargenteus"
"491",481,834,5,3,2,0.185,1.7,0.88095,0.59524,"Ondatra_zibethicus","Ursus_americanus"
"492",481,841,5,2,1,0.123,1.1,0.72222,0.83333,"Ondatra_zibethicus","Vulpes_vulpes"
"493",508,562,3,4,3,0.148,1.3,1,0.04762,"Ovis_canadensis","Peromyscus_maniculatus"
"494",508,573,3,3,0,0.111,1,0.2381,1,"Ovis_canadensis","Peromyscus_sp."
"495",508,580,3,4,2,0.148,1.3,0.95238,0.40476,"Ovis_canadensis","Phenacomys_intermedius"
"496",508,694,3,4,1,0.148,1.3,0.59524,0.88095,"Ovis_canadensis","Sorex_cinereus"
"497",508,729,3,3,3,0.111,1,1,0.0119,"Ovis_canadensis","Spermophilus_columbianus"
"498",508,733,3,3,0,0.111,1,0.2381,1,"Ovis_canadensis","Spermophilus_franklinii"
"499",508,777,3,3,0,0.111,1,0.2381,1,"Ovis_canadensis","Synaptomys_cooperi"
"500",508,787,3,3,2,0.111,1,0.9881,0.22619,"Ovis_canadensis","Tamias_sp."
"501",508,788,3,3,0,0.111,1,0.2381,1,"Ovis_canadensis","Tamias_striatus"
"502",508,790,3,3,2,0.111,1,0.9881,0.22619,"Ovis_canadensis","Tamiasciurus_hudsonicus"
"503",508,816,3,4,3,0.148,1.3,1,0.04762,"Ovis_canadensis","Thomomys_talpoides"
"504",508,834,3,3,1,0.111,1,0.77381,0.7619,"Ovis_canadensis","Ursus_americanus"
"505",562,573,4,3,0,0.148,1.3,0.11905,1,"Peromyscus_maniculatus","Peromyscus_sp."
"506",562,580,4,4,3,0.198,1.8,0.99206,0.16667,"Peromyscus_maniculatus","Phenacomys_intermedius"
"507",562,694,4,4,1,0.198,1.8,0.35714,0.96032,"Peromyscus_maniculatus","Sorex_cinereus"
"508",562,729,4,3,3,0.148,1.3,1,0.04762,"Peromyscus_maniculatus","Spermophilus_columbianus"
"509",562,733,4,3,0,0.148,1.3,0.11905,1,"Peromyscus_maniculatus","Spermophilus_franklinii"
"510",562,777,4,3,1,0.148,1.3,0.59524,0.88095,"Peromyscus_maniculatus","Synaptomys_cooperi"
"511",562,787,4,3,2,0.148,1.3,0.95238,0.40476,"Peromyscus_maniculatus","Tamias_sp."
"512",562,788,4,3,0,0.148,1.3,0.11905,1,"Peromyscus_maniculatus","Tamias_striatus"
"513",562,790,4,3,2,0.148,1.3,0.95238,0.40476,"Peromyscus_maniculatus","Tamiasciurus_hudsonicus"
"514",562,816,4,4,3,0.198,1.8,0.99206,0.16667,"Peromyscus_maniculatus","Thomomys_talpoides"
"515",562,834,4,3,1,0.148,1.3,0.59524,0.88095,"Peromyscus_maniculatus","Ursus_americanus"
"516",573,580,3,4,1,0.148,1.3,0.59524,0.88095,"Peromyscus_sp.","Phenacomys_intermedius"
"517",573,694,3,4,2,0.148,1.3,0.95238,0.40476,"Peromyscus_sp.","Sorex_cinereus"
"518",573,729,3,3,0,0.111,1,0.2381,1,"Peromyscus_sp.","Spermophilus_columbianus"
"519",573,733,3,3,1,0.111,1,0.77381,0.7619,"Peromyscus_sp.","Spermophilus_franklinii"
"520",573,777,3,3,1,0.111,1,0.77381,0.7619,"Peromyscus_sp.","Synaptomys_cooperi"
"521",573,787,3,3,1,0.111,1,0.77381,0.7619,"Peromyscus_sp.","Tamias_sp."
"522",573,788,3,3,2,0.111,1,0.9881,0.22619,"Peromyscus_sp.","Tamias_striatus"
"523",573,790,3,3,1,0.111,1,0.77381,0.7619,"Peromyscus_sp.","Tamiasciurus_hudsonicus"
"524",573,816,3,4,1,0.148,1.3,0.59524,0.88095,"Peromyscus_sp.","Thomomys_talpoides"
"525",573,834,3,3,1,0.111,1,0.77381,0.7619,"Peromyscus_sp.","Ursus_americanus"
"526",580,694,4,4,1,0.198,1.8,0.35714,0.96032,"Phenacomys_intermedius","Sorex_cinereus"
"527",580,729,4,3,2,0.148,1.3,0.95238,0.40476,"Phenacomys_intermedius","Spermophilus_columbianus"
"528",580,733,4,3,1,0.148,1.3,0.59524,0.88095,"Phenacomys_intermedius","Spermophilus_franklinii"
"529",580,777,4,3,2,0.148,1.3,0.95238,0.40476,"Phenacomys_intermedius","Synaptomys_cooperi"
"530",580,787,4,3,2,0.148,1.3,0.95238,0.40476,"Phenacomys_intermedius","Tamias_sp."
"531",580,788,4,3,1,0.148,1.3,0.59524,0.88095,"Phenacomys_intermedius","Tamias_striatus"
"532",580,790,4,3,2,0.148,1.3,0.95238,0.40476,"Phenacomys_intermedius","Tamiasciurus_hudsonicus"
"533",580,816,4,4,3,0.198,1.8,0.99206,0.16667,"Phenacomys_intermedius","Thomomys_talpoides"
"534",580,834,4,3,1,0.148,1.3,0.59524,0.88095,"Phenacomys_intermedius","Ursus_americanus"
"535",694,729,4,3,1,0.148,1.3,0.59524,0.88095,"Sorex_cinereus","Spermophilus_columbianus"
"536",694,733,4,3,2,0.148,1.3,0.95238,0.40476,"Sorex_cinereus","Spermophilus_franklinii"
"537",694,777,4,3,2,0.148,1.3,0.95238,0.40476,"Sorex_cinereus","Synaptomys_cooperi"
"538",694,787,4,3,1,0.148,1.3,0.59524,0.88095,"Sorex_cinereus","Tamias_sp."
"539",694,788,4,3,2,0.148,1.3,0.95238,0.40476,"Sorex_cinereus","Tamias_striatus"
"540",694,790,4,3,1,0.148,1.3,0.59524,0.88095,"Sorex_cinereus","Tamiasciurus_hudsonicus"
"541",694,816,4,4,2,0.198,1.8,0.83333,0.64286,"Sorex_cinereus","Thomomys_talpoides"
"542",694,834,4,3,1,0.148,1.3,0.59524,0.88095,"Sorex_cinereus","Ursus_americanus"
"543",729,733,3,3,0,0.111,1,0.2381,1,"Spermophilus_columbianus","Spermophilus_franklinii"
"544",729,777,3,3,0,0.111,1,0.2381,1,"Spermophilus_columbianus","Synaptomys_cooperi"
"545",729,787,3,3,2,0.111,1,0.9881,0.22619,"Spermophilus_columbianus","Tamias_sp."
"546",729,788,3,3,0,0.111,1,0.2381,1,"Spermophilus_columbianus","Tamias_striatus"
"547",729,790,3,3,2,0.111,1,0.9881,0.22619,"Spermophilus_columbianus","Tamiasciurus_hudsonicus"
"548",729,816,3,4,3,0.148,1.3,1,0.04762,"Spermophilus_columbianus","Thomomys_talpoides"
"549",729,834,3,3,1,0.111,1,0.77381,0.7619,"Spermophilus_columbianus","Ursus_americanus"
"550",733,777,3,3,2,0.111,1,0.9881,0.22619,"Spermophilus_franklinii","Synaptomys_cooperi"
"551",733,787,3,3,0,0.111,1,0.2381,1,"Spermophilus_franklinii","Tamias_sp."
"552",733,788,3,3,2,0.111,1,0.9881,0.22619,"Spermophilus_franklinii","Tamias_striatus"
"553",733,790,3,3,0,0.111,1,0.2381,1,"Spermophilus_franklinii","Tamiasciurus_hudsonicus"
"554",733,816,3,4,1,0.148,1.3,0.59524,0.88095,"Spermophilus_franklinii","Thomomys_talpoides"
"555",733,834,3,3,1,0.111,1,0.77381,0.7619,"Spermophilus_franklinii","Ursus_americanus"
"556",777,787,3,3,0,0.111,1,0.2381,1,"Synaptomys_cooperi","Tamias_sp."
"557",777,788,3,3,1,0.111,1,0.77381,0.7619,"Synaptomys_cooperi","Tamias_striatus"
"558",777,790,3,3,0,0.111,1,0.2381,1,"Synaptomys_cooperi","Tamiasciurus_hudsonicus"
"559",777,816,3,4,1,0.148,1.3,0.59524,0.88095,"Synaptomys_cooperi","Thomomys_talpoides"
"560",777,834,3,3,0,0.111,1,0.2381,1,"Synaptomys_cooperi","Ursus_americanus"
"561",787,788,3,3,1,0.111,1,0.77381,0.7619,"Tamias_sp.","Tamias_striatus"
"562",787,790,3,3,3,0.111,1,1,0.0119,"Tamias_sp.","Tamiasciurus_hudsonicus"
"563",787,816,3,4,2,0.148,1.3,0.95238,0.40476,"Tamias_sp.","Thomomys_talpoides"
"564",787,834,3,3,2,0.111,1,0.9881,0.22619,"Tamias_sp.","Ursus_americanus"
"565",788,790,3,3,1,0.111,1,0.77381,0.7619,"Tamias_striatus","Tamiasciurus_hudsonicus"
"566",788,816,3,4,1,0.148,1.3,0.59524,0.88095,"Tamias_striatus","Thomomys_talpoides"
"567",788,834,3,3,2,0.111,1,0.9881,0.22619,"Tamias_striatus","Ursus_americanus"
"568",790,816,3,4,2,0.148,1.3,0.95238,0.40476,"Tamiasciurus_hudsonicus","Thomomys_talpoides"
"569",790,834,3,3,2,0.111,1,0.9881,0.22619,"Tamiasciurus_hudsonicus","Ursus_americanus"
"570",816,834,4,3,1,0.148,1.3,0.59524,0.88095,"Thomomys_talpoides","Ursus_americanus"
